{"cameraMode":{"drawMode":0,"name":"Shaded","section":"Shading Mode"},"sceneLighting":true,"audioPlay":false,"sceneViewState":{"showFog":true,"showMaterialUpdate":false,"showSkybox":true,"showFlares":true,"showImageEffects":true,"showParticleSystems":true,"showVisualEffectGraphs":true,"m_FxEnabled":true},"in2DMode":false,"pivot":{"x":0.9585075974464417,"y":-0.04779435694217682,"z":-0.08848491311073303},"rotation":{"x":-0.038434043526649478,"y":0.9453028440475464,"z":-0.30052492022514346,"w":-0.1208951398730278},"size":2.3382058143615724,"orthographic":false}